"","STEM_TAG","TREE_TAG","CENSUS","DATE","QUADRAT","SPECIES","DBH","DBH_YEAR","STATUS","VIGOR","DA","MORT_DATE","DOG_DATE","SC","SNAG_HEIGHT","SNAG_TD","RELATIVE_PLOT_X","RELATIVE_PLOT_Y","SEEDLING_BASAL_DIAM","SEEDLING_HEIGHT","LEANER_ANGLE","BT","DT","RT","SCAR","PITCH","BFB","OTHER_CODES","OTHER_HOM","DIRECTION","NW","FIELD_X","FIELD_Y","UTM_X","UTM_Y","UTM_Z","REMAPPING","PREVIOUS_TAGS","COMMENT","FIELD_1","FIELD_2","FIELD_3","FIELD_4","FIELD_5","UPDATED","DATABASE_HISTORY"
"1","01-0217","01-0217",1,"2015-08-16","G21","PIFL",1.5,2015,1,1,"A",NA,NA,NA,NA,NA,12.92,5.22,5.2,1.86,NA,NA,NA,NA,NA,NA,NA,"",NA,"West","W",7.06,5.89,336389.65,4169682.42,3096.47,"","","Basal D at 0.05m.","Kendall Becker","Erika Blomdahl","","","","2015-12-14",""
"2","01-0308","01-0308",1,"2015-08-15","F21","PIFL",2.2,2015,1,1,"A",NA,NA,NA,NA,NA,19.33,17.17,7.3,2.31,NA,NA,NA,NA,NA,NA,NA,"",NA,"West","W",0.73,20.27,336395.94,4169674.36,3092.63,"","","Basal D measured at 0.15m.","Erika Blomdahl","James Lutz","","","","2015-12-14",""
"3","01-0308","01-0308",6,"2020-07-15","F21","PIFL",4.1,2020,1,1,"A",NA,NA,NA,NA,NA,19.33,17.17,9.7,3.2,NA,NA,NA,NA,NA,NA,NA,"",NA,"West","W",0.73,20.27,336395.94,4169674.36,3092.63,"","","Basal D measured at 0.15m.","Jake Burgoyne","","","","","2020-11-02",""
"4","01-0326","01-0326",1,"2015-08-15","F21","PIFL",1.6,2015,1,1,"A",NA,NA,NA,NA,NA,14.53,2.24,4.9,2.16,NA,NA,NA,NA,NA,NA,NA,"",NA,"West","W",5.4,3.01,336391.14,4169659.43,3085.39,"","","","Erika Blomdahl","James Lutz","","","","2015-12-14",""
"5","01-0326","01-0326",6,"2020-07-15","F21","PIFL",1.9,2020,1,3,"A",NA,NA,NA,NA,NA,14.53,2.24,4.9,2.2,NA,NA,NA,NA,NA,NA,NA,"",NA,"West","W",5.4,3.01,336391.14,4169659.43,3085.39,"","","","Jake Burgoyne","","","","","2020-11-02",""
"6","06-0034","06-0034",1,"2015-09-04","E26","PIFL",1.3,2015,1,1,"A",NA,NA,NA,NA,NA,7.44,7.66,3,2.09,NA,NA,NA,NA,NA,NA,NA,"",NA,"East","W",7.53,7.72,336484.16,4169642.45,3059.16,"","","Fused with 06-0035.","Erika Blomdahl","Alex Chacon","","","","2015-12-14",""
"7","06-0055","06-0055",1,"2015-09-04","E26","PIFL",1,2015,1,1,"A",NA,NA,NA,NA,NA,6.44,19.28,5.1,1.59,NA,NA,NA,NA,NA,NA,NA,"",NA,"East","W",6.67,19.59,336483.16,4169654.07,3061.16,"","","","Erika Blomdahl","Alex Chacon","","","","2015-12-14",""
"8","08-0390","08-0390",1,"2015-08-27","F28","PILO",1,2015,1,1,"A",NA,NA,NA,NA,NA,18.93,13.82,4.2,1.98,NA,NA,NA,NA,NA,NA,NA,"",NA,"West","W",1.46,15.45,336535.29,4169667.83,3057.62,"","","","Erika Blomdahl","Alex Chacon","","","","2015-12-14",""
"9","08-0525","08-0525",1,"2015-09-01","E28","PIFL",1.6,2015,1,1,"A",NA,NA,NA,NA,NA,7.12,0.89,4.9,1.9,NA,NA,NA,NA,NA,NA,NA,"",NA,"East","W",7.12,0.82,336523.68,4169634.58,3054.46,"","","Fused with 08-0526.","Erika Blomdahl","Alex Chacon","","","","2015-12-14",""
"10","08-0526","08-0526",1,"2015-09-01","E28","PIFL",2.5,2015,1,1,"A",NA,NA,NA,NA,NA,7.16,0.93,6,2.34,NA,NA,NA,NA,NA,NA,NA,"",NA,"East","W",7.16,0.86,336523.72,4169634.62,3054.46,"","","Fused with 08-0525.","Erika Blomdahl","Alex Chacon","","","","2015-12-14",""
"11","08-0527","08-0527",1,"2015-09-01","E28","PILO",1,2015,1,1,"A",NA,NA,NA,NA,NA,7.25,0.98,2.8,1.71,NA,NA,NA,NA,NA,NA,NA,"",NA,"East","W",7.25,0.91,336523.81,4169634.67,3054.46,"","","","Erika Blomdahl","Alex Chacon","","","","2015-12-14",""
"12","08-0637","08-0637",1,"2015-09-01","E28","PILO",1.1,2017,1,1,"A",NA,NA,NA,NA,NA,14.32,10.97,3,1.69,NA,NA,NA,NA,NA,NA,NA,"",NA,"West","W",5.61,11.62,336530.88,4169644.66,3051.23,"","","","Erika Blomdahl","Alex Chacon","","","","2015-12-14",""
"13","08-0638","08-0638",1,"2015-09-01","E28","PILO",1.6,2015,1,1,"A",NA,NA,NA,NA,NA,14.33,10.93,2.6,1.96,NA,NA,NA,NA,NA,NA,NA,"",NA,"West","W",5.59,11.57,336530.89,4169644.62,3050.62,"","","","Erika Blomdahl","Alex Chacon","","","","2015-12-14",""
"14","09-0240","09-0240",1,"2015-08-27","F29","PIFL",1.1,2018,1,1,"A",NA,NA,NA,NA,NA,10.96,19.15,3.2,1.6,NA,NA,NA,NA,NA,NA,NA,"",NA,"East","W",10.97,20.53,336547.72,4169672.57,3056.59,"","","","Aspen Ward","Martin Holdrege","","","","2015-12-14",""
"15","09-0240","09-0240",6,"2020-07-29","F29","PIFL",1.4,2020,1,1,"A",NA,NA,NA,NA,NA,10.96,19.15,3.7,1.88,50,NA,NA,NA,NA,NA,NA,"",NA,"East","W",10.97,20.53,336547.72,4169672.57,3056.59,"","","","Isabella Wetzler","","","","","2020-11-02",""
"16","09-0241","09-0241",1,"2015-08-27","F29","PIFL",1.5,2015,1,1,"A",NA,NA,NA,NA,NA,11.59,18.66,4.9,1.8,NA,NA,NA,NA,NA,NA,NA,"",NA,"East","W",11.59,20,336548.35,4169672.08,3056.15,"","","","Aspen Ward","Martin Holdrege","","","","2015-12-14",""
"17","09-0241","09-0241",6,"2020-07-29","F29","PIFL",2.5,2020,1,1,"A",NA,NA,NA,NA,NA,11.59,18.66,6.1,2.19,NA,NA,NA,NA,NA,NA,NA,"",NA,"East","W",11.59,20,336548.35,4169672.08,3056.15,"","","","Isabella Wetzler","","","","","2020-11-02",""
"18","09-0313","09-0313",1,"2015-08-30","F29","PIFL",1.8,2015,1,1,"A",NA,NA,NA,NA,NA,10.32,10.26,5.3,2,NA,NA,NA,NA,NA,NA,NA,"",NA,"West","W",6.82,8.79,336547.08,4169663.68,3054.22,"","","","Aspen Ward","Martin Holdrege","","","","2015-12-14",""
"19","09-0313","09-0313",6,"2020-07-29","F29","PIFL",3.5,2020,1,1,"A",NA,NA,NA,NA,NA,10.32,10.26,6.6,3.6,NA,NA,NA,NA,NA,20,NA,"",NA,"West","W",6.82,8.79,336547.08,4169663.68,3054.22,"","","","Jake Burgoyne","Isabella Wetzler","","","","2020-11-02",""
"20","09-0358","09-0358",1,"2016-07-26","T29","PILO",1.9,2016,1,1,"A",NA,NA,NA,NA,NA,16.24,3.15,3.9,2.2,NA,NA,18,NA,NA,NA,NA,"",NA,NA,"W",NA,NA,336552.9,4169936.58,3104.84,"",NA,"Main leader dead.","Tucker Furniss","Sara Germain","","","","2016-09-18",""
"21","09-0358","09-0358",6,"2020-08-06","T29","PILO",NA,2020,1,1,"A",NA,NA,NA,NA,NA,16.24,3.15,3.9,1.3,NA,NA,18,NA,NA,NA,NA,"",NA,NA,"W",NA,NA,336552.9,4169936.58,3104.84,"","","Main leader dead.","Lauren Walker","Isabella Wetzler","","","","2020-11-02",""
"22","10-0125","10-0125",1,"2015-08-27","G30","PIFL",1.7,2015,1,1,"A",NA,NA,NA,NA,NA,10.32,15.43,5.3,2.21,NA,NA,NA,NA,NA,NA,NA,"",NA,"West","W",9.7,16.42,336567.04,4169688.45,3061.22,"","","","Erika Blomdahl","Alex Chacon","","","","2015-12-14",""
"23","10-0125","10-0125",6,"2020-08-06","G30","PIFL",2.9,2020,1,1,"A",NA,NA,NA,NA,NA,10.32,15.43,7,2.8,NA,NA,NA,NA,NA,NA,NA,"",NA,"West","W",9.7,16.42,336567.04,4169688.45,3061.22,"","","","Soren Struckman","","","","","2020-11-02",""
"24","10-0171","10-0171",1,"2015-08-15","F30","PILO",1.1,2015,1,1,"A",NA,NA,NA,NA,NA,15.83,13.94,7.7,1.63,NA,NA,NA,NA,NA,NA,NA,"",NA,"East","W",11.58,18.21,336567.25,4169667.61,3054.81,"","","","Erika Blomdahl","Alex Chacon","","","","2015-12-14",""
"25","10-0171","10-0171",6,"2020-08-06","F30","PILO",2.6,2020,1,1,"A",NA,NA,NA,NA,NA,15.83,13.94,8.7,2.06,NA,NA,NA,NA,NA,NA,NA,"",NA,"East","W",11.58,18.21,336567.25,4169667.61,3054.81,"","","","Soren Struckman","","","","","2020-11-02",""
"26","10-0194","10-0194",1,"2016-08-02","S40","PIFL",1.6,2016,1,1,"A",NA,NA,NA,NA,NA,17.67,-0.07,4,1.3,NA,NA,NA,NA,NA,NA,NA,"",NA,"West","W",2.2,0.31,336774.41,4169908.45,3161.85,"","","","Timothy Young","Mason Wordell","","","","2016-09-21",""
"27","10-0194","10-0194",6,"2020-07-13","S40","PIFL",1.9,2020,1,1,"A",NA,NA,NA,NA,NA,17.67,-0.07,5.8,1.75,NA,NA,NA,NA,NA,NA,NA,"",NA,"West","W",2.2,0.31,336774.41,4169908.45,3161.85,"","","","Sara Germain","","","","","2020-11-02",""
"28","21-1641","21-1641",1,"2015-08-25","K21","PIFL",1.7,2015,6,1,"A",2018,NA,1,NA,NA,13.36,5,6.5,2.2,NA,NA,NA,NA,NA,NA,NA,"",NA,"West","W",6.56,5.49,336390.11,4169762.09,3087.58,"","","","Aspen Ward","Alex Chacon","","","","2015-12-14",""
"29","21-1909","21-1909",1,"2015-08-16","H21","PIFL",1.1,2015,1,1,"A",NA,NA,NA,NA,NA,4.89,2.51,4.9,1.82,NA,NA,NA,NA,NA,NA,NA,"",NA,"East","W",4.88,2.53,336381.61,4169699.84,3092.73,"","","","Kendall Becker","Erika Blomdahl","","","","2015-12-14",""
"30","21-1909","21-1909",6,"2020-07-16","H21","PIFL",1.8,2020,1,1,"A",NA,NA,NA,NA,NA,4.89,2.51,5.1,2.07,NA,NA,NA,NA,NA,NA,NA,"",NA,"East","W",4.88,2.53,336381.61,4169699.84,3092.73,"","","","Tucker Furniss","","","","","2020-11-02",""
"31","21-2155","21-2155",1,"2015-08-16","G21","PIFL",1.9,2015,1,1,"A",NA,NA,NA,NA,NA,16.59,15.14,4.5,2.08,NA,NA,NA,NA,NA,NA,NA,"",NA,"West","W",3.42,16.1,336393.32,4169692.34,3097.28,"","","","Kendall Becker","Erika Blomdahl","","","","2015-12-14",""
"32","22-0250","22-0250",1,"2015-08-16","G22","PIED",2.8,2015,1,1,"A",NA,NA,NA,NA,NA,19.24,2.21,16.4,2.02,NA,NA,NA,NA,NA,NA,NA,"",NA,"West","W",0.85,3.01,336415.94,4169678.88,3089.83,"","","Basal D measured at 0.15 m. Species= PIED. EB. Basal D measured at 0.15m.","Erika Blomdahl","James Lutz","","","","2015-12-14",""
"33","22-0250","22-0250",6,"2020-07-16","G22","PIED",3.4,2020,1,1,"A",NA,NA,NA,NA,NA,19.24,2.21,17.1,2.09,NA,NA,NA,NA,NA,NA,NA,"",NA,"West","W",0.85,3.01,336415.94,4169678.88,3089.83,"","","","Isabella Wetzler","","","","","2020-11-02",""
"34","22-0252","22-0252",1,"2015-08-15","G22","PIED",3.2,2015,1,1,"A",NA,NA,NA,NA,NA,8.87,0.74,21,1.95,NA,NA,NA,NA,NA,NA,NA,"",NA,"East","W",8.85,0.79,336405.57,4169677.41,3091.63,"","","","Erika Blomdahl","James Lutz","","","","2015-12-14",""
"35","22-0252","22-0252",6,"2020-07-16","G22","PIED",3.7,2020,1,1,"A",NA,NA,NA,NA,NA,8.87,0.74,25.1,2.16,NA,NA,NA,NA,NA,NA,NA,"",NA,"East","W",8.85,0.79,336405.57,4169677.41,3091.63,"","","","Isabella Wetzler","","","","","2020-11-02",""
"36","22-0254","22-0254",1,"2015-08-15","F22","PIED",4.8,2015,1,1,"A",NA,NA,NA,NA,NA,10.19,15.65,16.5,2.45,NA,NA,NA,NA,NA,NA,NA,"",NA,"East","W",10.03,18.13,336406.72,4169672.42,3088.52,"","","","Erika Blomdahl","James Lutz","","","","2015-12-14",""
"37","22-1374","22-1373",1,"2015-08-13","L22","PIFL",1,2018,1,1,"A",NA,NA,NA,NA,NA,12.47,6.9,3,1.56,NA,NA,NA,NA,NA,NA,NA,"",NA,"West","W",7.67,7.47,336409.08,4169783.54,3091.36,"","","Fused at base with 22-0982 ","Erika Blomdahl","James Lutz","","","","2015-12-14",""
"38","22-1374","22-1373",6,"2020-07-20","L22","PIFL",1.2,2020,1,1,"A",NA,NA,NA,NA,NA,12.47,6.9,4.6,1.92,NA,NA,NA,NA,NA,NA,NA,"",NA,"West","W",7.67,7.47,336409.08,4169783.54,3091.36,"","","","Soren Struckman","","","","","2020-11-02",""
"39","22-1767","22-1767",1,"2015-08-14","H22","PIFL",1,2015,1,1,"A",NA,NA,NA,NA,NA,18.23,14.59,2.9,1.8,NA,NA,NA,NA,NA,NA,NA,"",NA,"West","W",1.72,15.11,336414.99,4169711.35,3103.12,"","","Out of order","Erika Blomdahl","James Lutz","","","","2015-12-14",""
"40","22-1767","22-1767",6,"2020-07-16","H22","PIFL",1,2020,1,2,"A",NA,NA,NA,NA,NA,18.23,14.59,2.9,1.82,NA,NA,NA,NA,NA,NA,NA,"",NA,"West","W",1.72,15.11,336414.99,4169711.35,3103.12,"","","Out of order","Isabella Wetzler","","","","","2020-11-02",""
"41","22-1768","22-0252",1,"2015-08-15","G22","PIED",1.2,2015,1,1,"A",NA,NA,NA,NA,NA,8.76,0.55,6.5,1.72,NA,NA,NA,NA,NA,NA,NA,"",NA,"East","W",8.75,0.59,336405.46,4169677.22,3091.63,"","","","Erika Blomdahl","James Lutz","","","","2015-12-14",""
"42","22-1768","22-0252",6,"2020-07-16","G22","PIED",1.7,2020,1,1,"A",NA,NA,NA,NA,NA,8.76,0.55,9.9,1.91,NA,NA,NA,NA,NA,NA,NA,"",NA,"East","W",8.75,0.59,336405.46,4169677.22,3091.63,"","","","Isabella Wetzler","","","","","2020-11-02",""
"43","22-1769","22-0252",1,"2015-08-15","G22","PIED",2.1,2015,1,1,"A",NA,NA,NA,NA,NA,9.01,0.64,8.2,1.82,NA,NA,NA,NA,NA,NA,NA,"",NA,"East","W",9,0.69,336405.71,4169677.31,3091.63,"","","","Erika Blomdahl","James Lutz","","","","2015-12-14",""
"44","22-1769","22-0252",6,"2020-07-16","G22","PIED",2.4,2020,1,1,"A",NA,NA,NA,NA,NA,9.01,0.64,8.7,2.2,NA,NA,NA,NA,NA,NA,NA,"",NA,"East","W",9,0.69,336405.71,4169677.31,3091.63,"","","","Isabella Wetzler","","","","","2020-11-02",""
"45","22-2007","22-2007",1,"2015-08-16","G22","PIFL",1.9,2015,1,1,"A",NA,NA,NA,NA,NA,14.13,10.67,5.2,2.13,NA,NA,NA,NA,NA,NA,NA,"",NA,"West","W",5.91,12.92,336410.83,4169687.34,3096.28,"","","","Erika Blomdahl","James Lutz","","","","2015-12-14",""
"46","22-2037","22-2037",1,"2015-08-15","F22","PIED",1,2015,1,1,"A",NA,NA,NA,NA,NA,11.92,16.4,6.5,1.9,NA,NA,NA,NA,NA,NA,NA,"",NA,"East","W",11.77,19.02,336408.45,4169673.17,3088.65,"","","","Erika Blomdahl","James Lutz","","","","2015-12-14",""
"47","22-2043","22-2043",1,"2015-08-16","G22","PIED",1.2,2015,1,1,"A",NA,NA,NA,NA,NA,19.33,2.11,5.7,1.72,NA,NA,NA,NA,NA,NA,NA,"",NA,"West","W",0.77,2.9,336416.03,4169678.78,3089.83,"","","Basal D measured at 0.1 m. Species= PIED. EB. Basal D measured at 0.1m.","Erika Blomdahl","James Lutz","","","","2015-12-14",""
"48","22-2043","22-2043",6,"2020-07-16","G22","PIED",1.9,2020,1,1,"A",NA,NA,NA,NA,NA,19.33,2.11,6.4,2.02,NA,NA,NA,NA,NA,NA,NA,"",NA,"West","W",0.77,2.9,336416.03,4169678.78,3089.83,"","","","Isabella Wetzler","","","","","2020-11-02",""
"49","22-2485","22-2485",6,"2020-07-13","922","PILO",1.1,2020,1,1,"A",NA,NA,NA,NA,NA,18.59,1.18,3.9,1.69,NA,NA,NA,NA,NA,NA,NA,"",NA,"West","W",1.4,1.66,336415.28,4169537.86,NA,"","","","Isabella Wetzler","Caroline Kittle","Tucker Furniss","","","2020-10-08",""
"50","22-2486","22-2486",6,"2020-07-13","922","PILO",1,2020,1,1,"A",NA,NA,NA,NA,NA,13.69,0.56,2.6,1.69,NA,NA,NA,NA,NA,NA,NA,"",NA,"West","W",6.3,1.08,336410.38,4169537.24,NA,"","","","Isabella Wetzler","Caroline Kittle","Tucker Furniss","","","2020-10-08",""
"51","23-1954","23-1954",1,"2015-08-15","I23","PIFL",1.5,2015,1,1,"A",NA,NA,NA,NA,NA,12.48,6.95,5,NA,NA,NA,NA,NA,NA,18,NA,"",NA,"West","W",7.48,7.65,336429.2,4169723.24,3101.48,"","","","Kendall Becker","Joseph Cooper","","","","2015-12-14",""
"52","23-1957","23-1957",1,"2015-08-15","I23","PIFL",1.2,2018,1,1,"A",NA,NA,NA,NA,NA,19.57,7.68,5,1.6,NA,NA,NA,NA,NA,NA,NA,"",NA,"West","W",0.4,8.41,336436.29,4169723.97,3099.57,"","","","Kendall Becker","Joseph Cooper","","","","2015-12-14",""
"53","23-1957","23-1957",6,"2020-07-16","I23","PIFL",1.5,2020,1,1,"A",NA,NA,NA,NA,NA,19.57,7.68,5.2,1.9,NA,NA,NA,NA,NA,NA,NA,"",NA,"West","W",0.4,8.41,336436.29,4169723.97,3099.57,"","","","James Lutz","","","","","2020-11-02",""
"54","23-2023","23-2023",1,"2015-08-15","H23","PIFL",1.1,2015,1,1,"A",NA,NA,NA,NA,NA,11.29,9.75,7.1,2,NA,NA,NA,NA,19,19,NA,"",NA,"West","W",8.67,10.74,336427.98,4169706,3099.51,"","","Deer scar.","Kendall Becker","Joseph Cooper","","","","2015-12-14",""
"55","23-2023","23-2023",6,"2020-07-16","H23","PIFL",1.9,2020,1,1,"A",NA,NA,NA,NA,NA,11.29,9.75,7.2,2,NA,NA,NA,NA,19,19,NA,"",NA,"West","W",8.67,10.74,336427.98,4169706,3099.51,"","","Deer scar.","James Lutz","","","","","2020-11-02",""
"56","23-2033","23-2033",1,"2015-08-15","H23","PIFL",1.8,2015,1,1,"A",NA,NA,NA,NA,NA,18.88,-0.13,5.6,2.3,NA,NA,NA,NA,NA,NA,NA,"",NA,"West","W",1.05,0.4,336435.57,4169696.12,3091.77,"","","","Kendall Becker","Joseph Cooper","","","","2015-12-14",""
"57","23-2033","23-2033",6,"2020-07-16","H23","PIFL",3.9,2020,1,1,"A",NA,NA,NA,NA,NA,18.88,-0.13,7.6,3.8,NA,NA,NA,NA,NA,NA,NA,"",NA,"West","W",1.05,0.4,336435.57,4169696.12,3091.77,"","","","James Lutz","","","","","2020-11-02",""
"58","23-2044","23-2044",1,"2015-08-15","G23","PIFL",1.1,2015,1,1,"A",NA,NA,NA,NA,NA,1.57,12.41,5.3,1.9,NA,NA,NA,NA,NA,NA,NA,"",NA,"East","W",1.65,14.46,336418.39,4169688.71,3095.25,"","","","Kendall Becker","Joseph Cooper","","","","2015-12-14",""
"59","23-2045","23-2045",1,"2015-08-15","G23","PIFL",1.9,2015,1,1,"A",NA,NA,NA,NA,NA,-0.07,12.91,6.3,2.38,NA,NA,NA,NA,NA,NA,NA,"",NA,"East","W",0,15.05,336416.75,4169689.21,3096.39,"","","","Kendall Becker","Joseph Cooper","","","","2015-12-14",""
"60","23-2063","23-2063",1,"2015-08-15","G23","PIFL",1.5,2015,1,1,"A",NA,NA,NA,NA,NA,10.12,16.56,5,2,NA,NA,NA,NA,NA,NA,NA,"",NA,"West","W",9.69,18.7,336426.94,4169692.86,3094.33,"","","","Kendall Becker","Joseph Cooper","","","","2015-12-14",""
"61","23-2063","23-2063",6,"2020-07-15","G23","PIFL",2.7,2020,1,1,"A",NA,NA,NA,NA,NA,10.12,16.56,5.1,2.2,NA,NA,NA,NA,NA,NA,NA,"",NA,"West","W",9.69,18.7,336426.94,4169692.86,3094.33,"","","","James Lutz","","","","","2020-11-02",""
"62","24-1283","24-1283",1,"2015-08-13","I24","PIFL",1.5,2015,1,1,"A",NA,NA,NA,NA,NA,0.65,3.41,5.1,1.82,NA,NA,NA,NA,NA,NA,NA,"",NA,"East","W",0.64,3.5,336437.33,4169719.19,3098.06,"","","","Aspen Ward","Alex Chacon","","","","2015-12-14",""
"63","24-1283","24-1283",6,"2020-07-23","I24","PIFL",1.9,2020,1,1,"A",NA,NA,NA,NA,NA,0.65,3.41,5.8,2.18,NA,NA,NA,NA,NA,NA,NA,"",NA,"East","W",0.64,3.5,336437.33,4169719.19,3098.06,"","","","Jake Burgoyne","Lauren Walker","","","","2020-11-02",""
"64","24-1290","24-1290",1,"2015-08-13","I24","PIFL",1.5,2015,1,1,"A",NA,NA,NA,NA,NA,0.82,11.96,4.4,1.91,NA,NA,NA,NA,NA,NA,NA,"",NA,"East","W",0.79,12.28,336437.5,4169727.74,3100.07,"","","","Aspen Ward","Alex Chacon","","","","2015-12-14",""
"65","24-1290","24-1290",6,"2020-07-22","I24","PIFL",2.5,2020,1,1,"A",NA,NA,NA,NA,NA,0.82,11.96,5.7,2.47,NA,NA,NA,NA,NA,NA,NA,"",NA,"East","W",0.79,12.28,336437.5,4169727.74,3100.07,"","","","Sara Germain","Tucker Furniss","","","","2020-11-02",""
"66","24-1370","24-1370",1,"2015-08-13","H24","PILO",1.5,2015,1,1,"A",NA,NA,NA,NA,NA,15.36,11.81,4.1,1.56,NA,NA,NA,NA,NA,NA,NA,"",NA,"West","W",4.69,12.41,336451.99,4169707.55,3083.49,"","","","Aspen Ward","Alex Chacon","","","","2015-12-14",""
"67","24-1370","24-1370",6,"2020-07-23","H24","PILO",1.9,2020,1,1,"A",NA,NA,NA,NA,NA,15.36,11.81,4.6,1.86,NA,NA,NA,NA,NA,NA,NA,"",NA,"West","W",4.69,12.41,336451.99,4169707.55,3083.49,"","","","Jake Burgoyne","Lauren Walker","","","","2020-11-02",""
"68","25-1808","25-1808",1,"2015-09-04","E25","PIFL",1.9,2015,1,1,"A",NA,NA,NA,NA,NA,12.5,13.22,5.1,2.2,NA,NA,NA,NA,NA,NA,NA,"",NA,"East","W",12.52,13.61,336469.14,4169648.53,3069.05,"","","","Aspen Ward","Martin Holdrege","","","","2015-12-14",""
"69","25-1808","25-1808",6,"2020-07-23","E25","PIFL",3.7,2020,1,1,"A",NA,NA,NA,NA,NA,12.5,13.22,7,3.66,NA,NA,NA,NA,NA,NA,NA,"",NA,"East","W",12.52,13.61,336469.14,4169648.53,3069.05,"","","","James Lutz","","","","","2020-11-02",""
"70","25-1996","25-1996",5,"2019-07-25","C25","PIFL",10.5,2019,1,1,"A",NA,NA,NA,NA,NA,5.12,11.31,1.67,NA,NA,NA,NA,NA,NA,NA,NA,"",NA,"East","N",4.99,12.23,336461.71,4169606.64,0,"","","","Rosanise Odell","Annie Baker","Soren Struckman","Mitch Westmoreland","","2019-11-12",""
"71","26-1263","26-1263",1,"2015-07-29","K26","PILO",1.4,2015,1,1,"A",NA,NA,NA,NA,NA,0.89,17.25,6.5,NA,NA,NA,NA,NA,NA,NA,NA,"",NA,"East","W",0.81,17.88,336477.47,4169772.18,3084.43,"","","","Joseph Cooper","Alex Chacon","","","","2015-12-14",""
"72","26-1670","26-1670",1,"2015-08-04","F26","PIFL",1,2015,1,1,"A",NA,NA,NA,NA,NA,3.29,1.54,2.8,1.63,NA,NA,NA,NA,NA,NA,NA,"",NA,NA,"W",NA,NA,336479.77,4169655.73,3063.84,"","","","Joseph Cooper","Aspen Ward","Erika Blomdahl","","","2015-12-14",""
"73","27-0886","27-0886",1,"2015-06-16","M27","PIFL",1,2017,1,1,"A",NA,NA,NA,NA,NA,1.53,14.56,3.6,1.57,NA,NA,NA,NA,NA,NA,NA,"",NA,"East","W",1.55,15.77,336498.26,4169808.87,3087.06,"","","","Aspen Ward","Erika Blomdahl","Joseph Cooper","","","2015-12-14",""
"74","27-0886","27-0886",6,"2020-07-28","M27","PIFL",1.8,2020,1,1,"A",NA,NA,NA,NA,NA,1.53,14.56,5.4,2.13,NA,NA,NA,NA,NA,NA,NA,"",NA,"East","W",1.55,15.77,336498.26,4169808.87,3087.06,"","","","Lauren Walker","","","","","2020-11-02",""
"75","27-1623","27-1623",1,"2015-08-25","F27","PIFL",1.6,2015,1,1,"A",NA,NA,NA,NA,NA,14.93,18.43,4.8,2.09,NA,NA,NA,NA,NA,NA,NA,"",NA,"West","W",5.05,18.76,336511.63,4169672.77,3059.54,"","","","Aspen Ward","Alex Chacon","Martin Holdrege","","","2015-12-14",""
"76","27-1623","27-1623",6,"2020-07-27","F27","PIFL",2.6,2020,1,1,"A",NA,NA,NA,NA,NA,14.93,18.43,6.2,2.48,NA,NA,NA,NA,NA,NA,NA,"",NA,"West","W",5.05,18.76,336511.63,4169672.77,3059.54,"","","","Jake Burgoyne","","","","","2020-11-02",""
"77","27-1726","27-1726",1,"2015-09-01","E27","PIFL",1.3,2019,1,1,"A",NA,NA,NA,NA,NA,12.32,4.23,2.5,1.72,NA,NA,NA,NA,NA,NA,NA,"",NA,"West","W",7.45,5,336509.06,4169638.61,3058.4,"","","0.8 cm DBH in 2015","Erika Blomdahl","Alex Chacon","","","","2015-12-14",""
"78","27-1726","27-1726",6,"2020-07-27","E27","PIFL",1.4,2020,1,1,"A",NA,NA,NA,NA,NA,12.32,4.23,3.2,1.96,NA,NA,NA,NA,NA,NA,NA,"",NA,"West","W",7.45,5,336509.06,4169638.61,3058.4,"","","","Jake Burgoyne","","","","","2020-11-02",""
"79","27-2146","27-2146",5,"2019-07-17","C27","PIFL",1.5,2019,1,1,"A",NA,NA,NA,NA,NA,8.73,9.78,5.4,2,NA,NA,NA,NA,NA,NA,NA,"",NA,"East","W",8.74,9.77,336505.5,4169604.14,0,"","","","Rosanise Odell","Annie Baker","Soren Struckman","","","2019-11-12",""
"80","27-2146","27-2146",6,"2020-07-27","C27","PIFL",2,2020,1,1,"A",NA,NA,NA,NA,NA,8.73,9.78,6,2.02,NA,NA,NA,NA,NA,NA,NA,"",NA,"East","W",8.74,9.77,336505.5,4169604.14,0,"","","","Lauren Walker","Jake Burgoyne","","","","2020-11-02",""
"81","27-2264","27-2264",5,"2019-07-18","B27","PILO",1,2019,1,1,"A",NA,NA,NA,NA,NA,7.67,16.23,2.7,1.25,NA,NA,NA,NA,NA,NA,NA,"",NA,"East","W",7.65,16.9,336504.42,4169590.58,0,"","","","Rosanise Odell","Annie Baker","Soren Struckman","","","2019-11-12",""
"82","27-2264","27-2264",6,"2020-07-27","B27","PILO",NA,2020,1,1,"A",NA,NA,NA,NA,NA,7.67,16.23,2.7,1.36,NA,NA,NA,NA,NA,NA,NA,"",NA,"East","W",7.65,16.9,336504.42,4169590.58,0,"","","","Jake Burgoyne","","","","","2020-11-02",""
"83","27-2272","27-2272",5,"2019-07-18","B27","PILO",1,2019,1,1,"A",NA,NA,NA,NA,NA,6.61,17.42,3,1.39,NA,NA,NA,NA,NA,NA,NA,"",NA,"East","W",6.59,18.13,336503.36,4169591.77,0,"","","","Rosanise Odell","Annie Baker","Soren Struckman","","","2019-11-12",""
"84","27-2272","27-2272",6,"2020-07-27","B27","PILO",1,2020,1,1,"A",NA,NA,NA,NA,NA,6.61,17.42,3.3,1.39,NA,NA,NA,NA,NA,NA,NA,"",NA,"East","W",6.59,18.13,336503.36,4169591.77,0,"","","","Lauren Walker","Jake Burgoyne","","","","2020-11-02",""
"85","29-0702","29-0702",1,"2015-06-20","P29","PIFL",1,2017,1,1,"A",NA,NA,NA,NA,NA,15.77,16.2,3,1.3,NA,NA,NA,NA,NA,NA,NA,"",NA,"West","W",4.23,16.65,336552.46,4169869.64,3096.4,"","","","Will Scharffenberger","Joseph Cooper","","","","2015-12-14",""
"86","29-0702","29-0702",6,"2020-07-29","P29","PIFL",1.7,2020,1,1,"A",NA,NA,NA,NA,NA,15.77,16.2,4.7,2.05,NA,NA,NA,NA,NA,NA,NA,"",NA,"West","W",4.23,16.65,336552.46,4169869.64,3096.4,"","","","Lauren Walker","Isabella Wetzler","Jake Burgoyne","","","2020-11-02",""
"87","30-0420","30-0420",1,"2015-06-19","S30","PIFL",1,2017,1,1,"A",NA,NA,NA,NA,NA,4.95,12.21,3,1.45,NA,NA,NA,NA,NA,NA,NA,"",NA,"East","W",4.93,12.49,336561.59,4169925.18,3105.65,"","","","Alex Chacon","Kendall Becker","James Freund","","","2015-12-14",""
"88","30-0420","30-0420",6,"2020-08-10","S30","PIFL",1.5,2020,1,1,"A",NA,NA,NA,NA,NA,4.95,12.21,4.1,2.4,NA,NA,NA,NA,NA,NA,NA,"",NA,"East","W",4.93,12.49,336561.59,4169925.18,3105.65,"","","","Isabella Wetzler","","","","","2020-11-02",""
"89","31-0090","31-0090",1,"2014-10-13","V31","PIFL",1.7,2019,1,1,"A",NA,NA,NA,NA,NA,16.64,2.36,3.2,1.35,NA,NA,NA,NA,NA,NA,NA,"",NA,"West","W",3.36,2.9,336593.33,4169974.85,3125.7,"","","","Drew Foster","Katie Hogan","Nichole Novak","","","2015-02-09",""
"90","31-0090","31-0090",6,"2020-08-10","V31","PIFL",1.9,2020,1,1,"A",NA,NA,NA,NA,NA,16.64,2.36,4.7,2.21,NA,NA,NA,NA,NA,NA,NA,"",NA,"West","W",3.36,2.9,336593.33,4169974.85,3125.7,"","","Tag at base.","Caroline Kittle","","","","","2020-11-02",""
"91","31-0475","31-0475",1,"2015-06-20","N31","PIFL",1.3,2018,1,1,"A",NA,NA,NA,NA,NA,1.36,16.35,3.1,1.51,NA,NA,NA,NA,NA,NA,NA,"",NA,"East","W",1.37,16.75,336578.09,4169828.86,3076.16,"","","","James Lutz","Aspen Ward","Drew Jensen","","","2015-12-14",""
"92","31-0475","31-0475",6,"2020-08-05","N31","PIFL",1.7,2020,1,1,"A",NA,NA,NA,NA,NA,1.36,16.35,3.9,2.17,NA,NA,NA,NA,NA,NA,NA,"",NA,"East","W",1.37,16.75,336578.09,4169828.86,3076.16,"","","","Jake Burgoyne","Isabella Wetzler","","","","2020-11-02",""
"93","31-0555","31-0555",1,"2015-06-15","M31","PIFL",1,2015,1,1,"A",NA,NA,NA,NA,NA,16.75,20.68,3.5,1.69,NA,NA,NA,NA,NA,NA,NA,"",NA,"West","W",3.27,2.59,336593.43,4169813.21,3073.64,"","","","James Lutz","Aspen Ward","Drew Jensen","","","2015-12-14",""
"94","31-0555","31-0555",6,"2020-08-05","M31","PIFL",1.3,2020,1,1,"A",NA,NA,NA,NA,NA,16.75,20.68,4.4,2.09,NA,NA,NA,NA,NA,NA,NA,"",NA,"West","W",3.27,2.59,336593.43,4169813.21,3073.64,"","","","Lauren Walker","","","","","2020-11-02",""
"95","31-9001","31-9001",1,"2015-08-17","F31","PILO",20,2015,1,1,"A",NA,NA,NA,NA,NA,12.16,3.31,NA,8.1,NA,NA,NA,NA,NA,NA,NA,"",NA,NA,"",NA,NA,336588.87,4169655.85,3049.62,"","","","Tucker Furniss","Aspen Ward","","","","2015-12-14",""
"96","32-0184","32-0184",1,"2014-10-09","T32","PIFL",1.2,2018,1,1,"A",NA,NA,NA,NA,NA,19.23,6.15,3.8,1.6,NA,NA,NA,NA,NA,19,NA,"",NA,"West","W",0.79,6.95,336615.92,4169938.21,3124.72,"","","","Nichole Novak","Drew Foster","Katie Hogan","","","2015-02-09",""
"97","32-0184","32-0184",6,"2020-08-10","T32","PIFL",1.4,2020,1,1,"A",NA,NA,NA,NA,NA,19.23,6.15,4,1.95,NA,NA,NA,NA,NA,19,NA,"",NA,"West","W",0.79,6.95,336615.92,4169938.21,3124.72,"","","","Lauren Walker","","","","","2020-11-02",""
"98","32-0265","32-0265",1,"2014-10-10","S32","PIFL",1.4,2017,1,1,"A",NA,NA,NA,NA,NA,12.82,19.17,3.1,1.43,NA,NA,NA,NA,NA,NA,NA,"",NA,"West","W",7.21,20.15,336609.51,4169931.25,3119.9,"","","","Katie Hogan","Nichole Novak","Drew Foster","","","2015-02-09",""
"99","32-0265","32-0265",6,"2020-08-10","S32","PIFL",1.8,2020,1,1,"A",NA,NA,NA,NA,NA,12.82,19.17,3.8,2.01,NA,NA,NA,NA,NA,NA,NA,"",NA,"West","W",7.21,20.15,336609.51,4169931.25,3119.9,"","","","Lauren Walker","","","","","2020-11-02",""
"100","32-0274","32-0274",1,"2014-10-10","S32","PIFL",1.6,2017,1,1,"A",NA,NA,NA,NA,NA,16.68,14.46,1.8,1.8,NA,NA,NA,NA,NA,NA,NA,"DeerScrape2018",NA,"West","W",3.33,15.34,336613.37,4169926.54,3119.78,"","","","Katie Hogan","Nichole Novak","Drew Foster","","","2015-02-09",""
"101","32-0274","32-0274",6,"2020-08-10","S32","PIFL",1.8,2020,1,1,"A",NA,NA,NA,NA,NA,16.68,14.46,4.2,2.26,NA,NA,NA,NA,NA,NA,NA,"DeerScrape2018",NA,"West","W",3.33,15.34,336613.37,4169926.54,3119.78,"","","","Lauren Walker","","","","","2020-11-02",""
"102","32-0280","32-0279",1,"2014-10-10","S32","PIFL",1.7,2017,1,1,"A",NA,NA,NA,NA,NA,17.62,13.49,5.4,1.6,NA,NA,NA,NA,NA,NA,NA,"",NA,"West","W",2.38,14.35,336614.31,4169925.57,3119.86,"","","","Katie Hogan","Nichole Novak","Drew Foster","","","2015-02-09",""
"103","32-0280","32-0279",6,"2020-08-10","S32","PIFL",2.1,2020,1,1,"A",NA,NA,NA,NA,NA,17.62,13.49,7.7,2.5,NA,NA,NA,NA,NA,NA,NA,"",NA,"West","W",2.38,14.35,336614.31,4169925.57,3119.86,"","","","Lauren Walker","","","","","2020-11-02",""
"104","32-0328","32-0328",1,"2014-10-10","R32","PIFL",1.3,2017,1,1,"A",NA,NA,NA,NA,NA,6,0.84,3.6,1.5,NA,NA,NA,NA,NA,NA,NA,"",NA,"East","W",6,0.85,336602.67,4169892.91,3112,"","","","Katie Hogan","Nichole Novak","Drew Foster","","","2015-02-09",""
"105","32-0328","32-0328",6,"2020-08-10","R32","PIFL",1.9,2020,1,1,"A",NA,NA,NA,NA,NA,6,0.84,4.5,2.2,NA,NA,NA,NA,NA,NA,NA,"",NA,"East","W",6,0.85,336602.67,4169892.91,3112,"","","","Lauren Walker","","","","","2020-11-02",""
"106","32-0346","32-0346",1,"2014-10-10","R32","PILO",1.2,2018,1,1,"A",NA,NA,NA,NA,NA,6.95,4.24,2.5,1.56,NA,NA,NA,NA,NA,NA,NA,"",NA,"East","W",6.95,4.25,336603.62,4169896.31,3112.43,"","","","Katie Hogan","Nichole Novak","Drew Foster","","","2015-02-09",""
"107","32-0346","32-0346",6,"2020-08-10","R32","PILO",1.4,2020,1,1,"A",NA,NA,NA,NA,NA,6.95,4.24,2.9,1.88,NA,NA,NA,NA,NA,NA,NA,"",NA,"East","W",6.95,4.25,336603.62,4169896.31,3112.43,"","","","Lauren Walker","","","","","2020-11-02",""
"108","32-0353","32-0353",1,"2014-10-10","R32","PILO",1,2018,1,1,"A",NA,NA,NA,NA,NA,11.11,6.04,3.3,1.42,NA,NA,NA,NA,NA,NA,NA,"",NA,"East","W",11.1,6.05,336607.78,4169898.11,3113.92,"","","","Katie Hogan","Nichole Novak","Drew Foster","","","2015-02-09",""
"109","32-0353","32-0353",6,"2020-08-10","R32","PILO",1.3,2020,1,1,"A",NA,NA,NA,NA,NA,11.11,6.04,4.6,1.95,NA,NA,NA,NA,NA,NA,NA,"",NA,"East","W",11.1,6.05,336607.78,4169898.11,3113.92,"","","","Lauren Walker","","","","","2020-11-02",""
"110","32-0539","32-0539",1,"2015-06-20","Q32","PILO",1.5,2015,1,1,"A",NA,NA,NA,NA,NA,16.66,13.02,6.4,1.66,NA,NA,NA,NA,NA,NA,NA,"",NA,"East","W",15.3,14.92,336611.41,4169885.6,3112.73,"","","Tag at base.","Aspen Ward","Aspen Ward","Sara Germain","Drew Jensen","","2015-12-14",""
"111","32-0539","32-0539",6,"2020-08-10","Q32","PILO",2,2020,1,1,"A",NA,NA,NA,NA,NA,16.66,13.02,7.2,1.99,NA,NA,NA,NA,NA,NA,NA,"",NA,"East","W",15.3,14.92,336611.41,4169885.6,3112.73,"","","","Lauren Walker","","","","","2020-11-02",""
"112","32-0556","32-0556",1,"2015-06-21","P32","PILO",1.9,2015,1,1,"A",NA,NA,NA,NA,NA,17.08,15.63,8,2.1,NA,NA,NA,NA,NA,NA,NA,"",NA,NA,"W",NA,NA,336613.76,4169867.74,3105.61,"","","","Alex Chacon","James Lutz","","","","2015-12-14",""
"113","32-0557","32-0557",1,"2015-06-21","P32","PILO",1.1,2015,1,1,"A",NA,NA,NA,NA,NA,16.03,18.52,3.6,1.65,NA,NA,NA,NA,NA,NA,NA,"",NA,NA,"W",NA,NA,336612.71,4169870.63,3107.5,"","","","Alex Chacon","James Lutz","","","","2015-12-14",""
"114","32-0561","32-0561",1,"2015-06-21","O32","PILO",1.1,2015,1,1,"A",NA,NA,NA,NA,NA,2.01,4.09,3.2,1.7,NA,NA,NA,NA,NA,NA,NA,"",NA,"East","W",2.01,5.06,336598.72,4169836.16,3082.61,"","","","Alex Chacon","James Lutz","","","","2015-12-14",""
"115","32-0561","32-0561",6,"2020-08-05","O32","PILO",1.5,2020,1,1,"A",NA,NA,NA,NA,NA,2.01,4.09,3.9,1.83,NA,NA,NA,NA,NA,20,NA,"",NA,"East","W",2.01,5.06,336598.72,4169836.16,3082.61,"","","","Isabella Wetzler","Jake Burgoyne","","","","2020-11-02",""
"116","32-9001","32-9001",1,"2015-08-17","G32","PILO",15,2015,1,1,"A",NA,NA,NA,NA,NA,7.51,2.96,NA,6.5,NA,NA,NA,NA,NA,NA,NA,"",NA,NA,"",NA,NA,336604.2,4169675.03,3044.24,"","","DO NOT VISIT THIS TREE. Two leaders. 2 leaders.","Tucker Furniss","Aspen Ward","","","","2015-12-14",""
"117","33-0053","33-0053",1,"2014-10-08","U33","PIFL",1.3,2018,1,1,"A",NA,NA,NA,NA,NA,15.87,3.98,4.9,1.4,NA,NA,NA,NA,NA,NA,NA,"",NA,"West","W",4.11,4.6,336632.57,4169955.56,3136.92,"","","","Katie Hogan","Drew Foster","Nichole Novak","","","2015-02-09",""
"118","33-0053","33-0053",6,"2020-08-11","U33","PIFL",1.7,2020,1,1,"A",NA,NA,NA,NA,NA,15.87,3.98,6.1,1.93,NA,NA,NA,NA,NA,NA,NA,"",NA,"West","W",4.11,4.6,336632.57,4169955.56,3136.92,"","","","Caroline Kittle","","","","","2020-11-02",""
"119","33-0081","33-0081",1,"2014-10-08","T33","PIFL",1.5,2017,1,1,"A",NA,NA,NA,NA,NA,3.09,7.28,3.1,1.8,NA,NA,NA,NA,NA,NA,NA,"",NA,"East","W",3.1,7.65,336619.81,4169938.88,3125.78,"","","","Katie Hogan","Drew Foster","Nichole Novak","","","2015-02-09",""
"120","33-0081","33-0081",6,"2020-08-11","T33","PIFL",2.2,2020,1,1,"A",NA,NA,NA,NA,NA,3.09,7.28,4.6,2.43,NA,NA,NA,NA,NA,NA,NA,"",NA,"East","W",3.1,7.65,336619.81,4169938.88,3125.78,"","","","Jake Burgoyne","","","","","2020-11-02",""
"121","33-0188","33-0188",1,"2014-10-09","R33","PIFL",2,2017,1,1,"A",NA,NA,NA,NA,NA,6.85,0.63,4.9,1.58,NA,NA,NA,NA,NA,NA,NA,"",NA,"East","W",6.85,0.6,336623.56,4169892.26,3121.39,"","","","Nichole Novak","Drew Foster","Katie Hogan","","","2015-02-09",""
"122","33-0188","33-0188",6,"2020-08-11","R33","PIFL",2.9,2020,1,1,"A",NA,NA,NA,NA,NA,6.85,0.63,6.4,2.31,NA,NA,NA,NA,NA,NA,NA,"",NA,"East","W",6.85,0.6,336623.56,4169892.26,3121.39,"","","","Caroline Kittle","","","","","2020-11-02",""
"123","33-0205","33-0205",1,"2014-10-09","R33","PILO",1.1,2017,1,1,"A",NA,NA,NA,NA,NA,0.94,7.78,5.2,1.45,NA,NA,NA,NA,NA,NA,NA,"",NA,"East","W",0.97,7.78,336617.65,4169899.41,3118.35,"","","","Nichole Novak","Drew Foster","Katie Hogan","","","2015-02-09",""
"124","33-0205","33-0205",6,"2020-08-11","R33","PILO",1.9,2020,1,1,"A",NA,NA,NA,NA,NA,0.94,7.78,6.1,2,NA,NA,NA,NA,NA,NA,NA,"",NA,"East","W",0.97,7.78,336617.65,4169899.41,3118.35,"","","","Caroline Kittle","","","","","2020-11-02",""
"125","33-0227","33-0227",1,"2014-10-09","R33","PIFL",1.5,2019,1,1,"A",NA,NA,NA,NA,NA,12.6,5.14,4.4,1.49,NA,NA,NA,NA,NA,NA,NA,"",NA,"West","W",7.34,5.65,336629.31,4169896.77,3125.37,"","","","Nichole Novak","Drew Foster","Katie Hogan","","","2015-02-09",""
"126","33-0227","33-0227",6,"2020-08-11","R33","PIFL",2,2020,1,1,"A",NA,NA,NA,NA,NA,12.6,5.14,5.4,1.96,NA,NA,NA,NA,NA,20,NA,"",NA,"West","W",7.34,5.65,336629.31,4169896.77,3125.37,"","","","Caroline Kittle","","","","","2020-11-02",""
"127","33-0251","33-0251",1,"2015-06-20","Q33","PILO",1.2,2015,1,1,"A",NA,NA,NA,NA,NA,3.19,12.71,7.1,1.59,NA,NA,NA,NA,NA,NA,NA,"",NA,NA,"W",NA,NA,336619.89,4169884.32,3118.07,"","","","Tucker Furniss","Will Scharffenberger","Joseph Cooper","","","2015-12-14",""
"128","33-0251","33-0251",6,"2020-08-04","Q33","PILO",2.3,2020,1,1,"A",NA,NA,NA,NA,NA,3.19,12.71,8.9,1.93,NA,NA,NA,NA,NA,NA,NA,"",NA,NA,"W",NA,NA,336619.89,4169884.32,3118.07,"","","","Jake Burgoyne","Isabella Wetzler","","","","2020-11-02",""
"129","33-0324","33-0324",1,"2015-06-20","N33","PIFL",1.2,2017,1,1,"A",NA,NA,NA,NA,NA,3.66,14.16,4.4,1.26,NA,NA,NA,NA,NA,NA,NA,"",NA,"East","W",3.65,16.39,336620.39,4169825.79,3076.48,"","","","Drew Jensen","Joseph Cooper","Tucker Furniss","","","2015-12-14",""
"130","34-0073","34-0073",1,"2014-09-10","T34","PIFL",1.2,2017,1,1,"A",NA,NA,NA,NA,NA,0.08,5.22,4.8,1.25,NA,NA,NA,NA,NA,NA,NA,"",NA,"East","W",0.1,5.58,336636.84,4169936.4,3131.74,"","","","Nichole Novak","Katie Hogan","Erika Blomdahl","","","2015-02-09",""
"131","34-0073","34-0073",6,"2020-08-11","T34","PIFL",1.8,2020,1,1,"A",NA,NA,NA,NA,NA,0.08,5.22,5.3,1.93,NA,NA,NA,NA,NA,NA,NA,"",NA,"East","W",0.1,5.58,336636.84,4169936.4,3131.74,"","","","Caroline Kittle","Lauren Walker","Jake Burgoyne","","","2020-11-02",""
"132","34-0089","34-0089",1,"2014-09-11","S34","PIFL",1,2018,1,1,"A",NA,NA,NA,NA,NA,6.01,7.24,3.9,1.6,NA,NA,NA,NA,NA,NA,NA,"",NA,"East","W",6,7.27,336642.73,4169918.37,3132.22,"","","","Katie Hogan","Nichole Novak","Drew Foster","","","2015-02-09",""
"133","34-0089","34-0089",6,"2020-08-11","S34","PIFL",1.3,2020,1,1,"A",NA,NA,NA,NA,NA,6.01,7.24,4.8,1.84,NA,NA,NA,NA,20,NA,NA,"",NA,"East","W",6,7.27,336642.73,4169918.37,3132.22,"","","Scar at 0.5m.","Caroline Kittle","Lauren Walker","Jake Burgoyne","","","2020-11-02",""
"134","34-0105","34-0105",1,"2014-09-11","S34","PILO",1.2,2017,1,1,"A",NA,NA,NA,NA,NA,0.43,15.39,2.8,1.5,NA,NA,NA,NA,NA,NA,NA,"",NA,"East","W",0.4,15.42,336637.15,4169926.52,3129.6,"","","Tag at dbh. DBH 1.2 in 2017. ","Katie Hogan","Nichole Novak","Drew Foster","","","2015-02-09",""
"135","34-0133","34-0133",1,"2014-09-11","S34","PIFL",1.2,2018,1,1,"A",NA,NA,NA,NA,NA,16.62,2.61,5.1,1.5,NA,NA,NA,NA,NA,NA,NA,"",NA,"West","W",3.38,3.25,336653.34,4169913.74,3139.06,"","","","Katie Hogan","Nichole Novak","Drew Foster","","","2015-02-09",""
"136","34-0133","34-0133",6,"2020-08-11","S34","PIFL",1.5,2020,1,1,"A",NA,NA,NA,NA,NA,16.62,2.61,6,1.92,NA,NA,NA,NA,NA,NA,NA,"",NA,"West","W",3.38,3.25,336653.34,4169913.74,3139.06,"","","","Caroline Kittle","Lauren Walker","Jake Burgoyne","","","2020-11-02",""
"137","34-0657","34-0657",1,"2015-06-21","N34","PIFL",1.5,2018,1,1,"A",NA,NA,NA,NA,NA,15.2,3.27,3.9,1.15,NA,NA,NA,NA,NA,NA,NA,"",NA,"West","W",4.14,4.84,336652.49,4169814.85,3069.35,"","","","Aspen Ward","Kendall Becker","James Freund","","","2015-12-14",""
"138","34-0657","34-0657",6,"2020-08-04","N34","PIFL",2.9,2020,1,1,"A",NA,NA,NA,NA,NA,15.2,3.27,7.3,2.18,NA,NA,NA,NA,NA,NA,NA,"",NA,"West","W",4.14,4.84,336652.49,4169814.85,3069.35,"","","","Isabella Wetzler","Jake Burgoyne","","","","2020-11-02",""
"139","34-0682","34-0682",1,"2015-06-21","N34","PILO",1,2018,1,1,"A",NA,NA,NA,NA,NA,8.05,3.05,3.7,1.57,NA,NA,NA,NA,NA,NA,NA,"",NA,"East","W",8.21,5.23,336645.34,4169814.63,3069.79,"","","","Aspen Ward","Kendall Becker","James Freund","","","2015-12-14",""
"140","34-0682","34-0682",6,"2020-08-04","N34","PILO",1.3,2020,1,1,"A",NA,NA,NA,NA,NA,8.05,3.05,3.9,1.82,NA,NA,NA,NA,NA,NA,NA,"",NA,"East","W",8.21,5.23,336645.34,4169814.63,3069.79,"","","","Jake Burgoyne","Isabella Wetzler","","","","2020-11-02",""
"141","34-0735","34-0735",1,"2015-06-21","M34","PIFL",1,2018,1,1,"A",NA,NA,NA,NA,NA,13.14,12.7,3.6,1.16,NA,NA,NA,NA,NA,NA,NA,"",NA,"West","W",6.72,13.2,336649.9,4169803.77,3066.56,"","","","Drew Jensen","Kendall Becker","James Freund","Aspen Ward","","2015-12-14",""
"142","34-0735","34-0735",6,"2020-07-30","M34","PIFL",1.8,2020,1,1,"A",NA,NA,NA,NA,NA,13.14,12.7,5.5,2.01,NA,NA,NA,NA,NA,NA,NA,"",NA,"West","W",6.72,13.2,336649.9,4169803.77,3066.56,"","","","Soren Struckman","Lauren Walker","","","","2020-11-02",""
"143","35-0035","35-0036",1,"2014-09-03","U35","PILO",1.6,2014,6,NA,"D",0,NA,2,1.5,0,3.54,8.25,2.8,1.5,NA,NA,NA,NA,NA,NA,NA,"",NA,"East","W",3.55,8.45,336660.18,4169958.87,3149.29,"","","","Nichole Novak","Drew Foster","Katie Hogan","","","2015-02-09",""
"144","35-0085","35-0085",1,"2014-09-03","T35","PIFL",1.2,2019,1,1,"A",NA,NA,NA,NA,NA,3.2,0.67,3.7,1.5,NA,NA,NA,NA,NA,NA,NA,"",NA,"East","W",3.2,0.7,336659.77,4169931.32,3143.93,"","","","Nichole Novak","Drew Foster","Katie Hogan","","","2015-02-09",""
"145","35-0085","35-0085",6,"2020-07-14","T35","PIFL",1.3,2020,1,1,"A",NA,NA,NA,NA,NA,3.2,0.67,4.4,1.88,NA,NA,NA,NA,NA,NA,NA,"",NA,"East","W",3.2,0.7,336659.77,4169931.32,3143.93,"","","","James Lutz","","","","","2020-11-02",""
"146","35-0332","35-0332",1,"2015-06-21","M35","PILO",1.1,2015,1,1,"A",NA,NA,NA,NA,NA,1.79,15.35,2.6,0.58,NA,NA,NA,NA,NA,NA,NA,"",NA,"East","W",1.76,15.36,336658.38,4169805.91,3067.79,"","","","Erika Blomdahl","Will Scharffenberger","Sara Germain","","","2015-12-14",""
"147","35-0332","35-0332",6,"2020-06-15","M35","PILO",1.4,2020,1,1,"A",NA,NA,NA,NA,NA,1.79,15.35,3.8,1.72,NA,NA,NA,NA,NA,NA,NA,"",NA,"East","W",1.76,15.36,336658.38,4169805.91,3067.79,"","","Canker at base.","Tucker Furniss","Sara Germain","","","","2020-11-02",""
"148","35-0521","35-0521",1,"2015-06-22","I35","PILO",1.3,2015,1,1,"A",NA,NA,NA,NA,NA,14.27,12.31,3.7,1.29,NA,NA,NA,NA,NA,NA,NA,"",NA,"West","W",5.76,13.43,336670.94,4169723.2,3054.45,"","","One cone.","Kendall Becker","Erika Blomdahl","Aspen Ward","","","2015-12-14",""
"149","35-0521","35-0521",6,"2020-07-30","I35","PILO",1.3,2020,1,1,"A",NA,NA,NA,NA,NA,14.27,12.31,3.8,1.68,NA,NA,NA,NA,NA,NA,NA,"",NA,"West","W",5.76,13.43,336670.94,4169723.2,3054.45,"","","","Sara Germain","Tucker Furniss","","","","2020-11-02",""
"150","36-0491","36-0491",1,"2015-06-21","R36","PIFL",2.2,2015,1,1,"A",NA,NA,NA,NA,NA,12.15,15.27,8.4,1.9,NA,NA,NA,NA,NA,NA,NA,"",NA,NA,"W",NA,NA,336688.81,4169905.49,3147.13,"","","","Alex Chacon","James Lutz","Tucker Furniss","","","2015-12-14",""
"151","36-0491","36-0491",6,"2020-07-14","R36","PIFL",4.4,2020,1,1,"A",NA,NA,NA,NA,NA,12.15,15.27,9.8,2.3,NA,NA,NA,NA,NA,NA,NA,"",NA,NA,"W",NA,NA,336688.81,4169905.49,3147.13,"","","","Mark Swanson","","","","","2020-11-02",""
"152","36-0500","36-0500",1,"2015-06-21","Q36","PILO",14,2015,1,1,"A",NA,NA,NA,NA,NA,15.84,-3.16,41,NA,NA,NA,NA,NA,NA,NA,NA,"",NA,NA,"N",NA,NA,336692.5,4169887.06,3129.74,"","","","Alex Chacon","James Lutz","Tucker Furniss","","","2015-12-14",""
"153","36-0584","36-0584",1,"2015-06-22","N36","PILO",1,2018,1,1,"A",NA,NA,NA,NA,NA,16.55,14.77,4.1,1.21,NA,NA,NA,NA,NA,NA,NA,"",NA,"West","W",5.35,17.14,336693.29,4169825.09,3079.99,"2018","","","Alex Chacon","Joseph Cooper","Sara Germain","","","2015-12-14",""
"154","36-0625","36-0625",1,"2015-06-28","L36","PIFL",1.1,2015,1,1,"A",NA,NA,NA,NA,NA,13.62,15.46,3.9,1.6,NA,NA,NA,NA,NA,NA,NA,"",NA,"West","W",6.32,16.11,336690.36,4169785.73,3071.43,"","","","Aspen Ward","Alex Chacon","Joseph Cooper","","","2015-12-14",""
"155","36-9007","36-9007",1,"2015-06-21","Q36","PILO",1.5,2015,1,1,"A",NA,NA,NA,NA,NA,18.8,-12.27,NA,1.6,NA,NA,NA,NA,NA,NA,NA,"",NA,NA,"",NA,NA,336695.46,4169877.95,3120.13,"","","","Alex Chacon","James Lutz","Tucker Furniss","","","2015-12-14",""
"156","37-0307","37-0307",1,"2014-09-12","S37","PIFL",29,2014,1,1,"A",NA,NA,NA,NA,NA,5.5,10.83,0.5,0.2,NA,17,NA,NA,NA,NA,NA,"",NA,"East","W",5.52,11.2,336702.15,4169921.41,3152.42,"","","","Nichole Novak","Drew Foster","Katie Hogan","","","2015-02-09",""
"157","37-0307","37-0307",6,"2020-07-14","S37","PIFL",NA,2020,1,1,"A",NA,NA,NA,NA,NA,5.5,10.83,0.7,0.18,NA,17,NA,NA,NA,NA,NA,"",NA,"East","W",5.52,11.2,336702.15,4169921.41,3152.42,"","","","Soren Struckman","","","","","2020-11-02",""
"158","37-9008","37-9008",1,"2015-08-17","G37","PILO",3,2015,1,1,"A",NA,NA,NA,NA,NA,-5.3,8.08,6,2.6,NA,NA,NA,NA,NA,NA,NA,"",NA,NA,"",NA,NA,336691.34,4169677.83,3032.33,"","","","Aspen Ward","Tucker Furniss","","","","2015-12-14",""
"159","38-0396","38-0396",1,"2015-06-26","N38","PILO",1.6,2018,1,1,"A",NA,NA,NA,NA,NA,13.12,17.63,5.9,1.36,NA,NA,NA,NA,NA,NA,NA,"",NA,NA,"W",NA,NA,336729.79,4169827.13,3092.76,"","","Two leaders","Erika Blomdahl","Joseph Cooper","","","","2015-12-14",""
"160","38-0396","38-0396",6,"2020-08-03","N38","PILO",1.8,2020,1,1,"A",NA,NA,NA,NA,NA,13.12,17.63,7.3,2.03,NA,NA,NA,NA,NA,NA,NA,"",NA,NA,"W",NA,NA,336729.79,4169827.13,3092.76,"","","Two leaders.","Jake Burgoyne","Isabella Wetzler","","","","2020-11-02",""
"161","38-0535","38-0535",1,"2015-06-28","J38","PILO",1.1,2015,1,1,"A",NA,NA,NA,NA,NA,6.25,12.36,3.1,1.56,NA,NA,NA,NA,NA,NA,NA,"",NA,"East","W",6.29,12.69,336722.94,4169741.78,3055.63,"","","","Aspen Ward","Alex Chacon","Joseph Cooper","","","2015-12-14",""
"162","38-0535","38-0535",6,"2020-07-29","J38","PILO",1.1,2020,1,1,"A",NA,NA,NA,NA,NA,6.25,12.36,3.8,1.68,NA,NA,NA,NA,NA,NA,NA,"",NA,"East","W",6.29,12.69,336722.94,4169741.78,3055.63,"","","","Tucker Furniss","Sara Germain","","","","2020-11-02",""
"163","38-9004","38-9004",1,"2015-08-17","G38","PILO",5,2015,1,1,"A",NA,NA,NA,NA,NA,18.15,13.93,NA,3.6,NA,NA,NA,NA,NA,NA,NA,"",NA,NA,"",NA,NA,336734.77,4169683.22,3023.52,"","","","Aspen Ward","Tucker Furniss","","","","2015-12-14",""
